{
  "schema_version": "1.1",
  "run_id": "dronerf_demo_v2_final_n1024_hann_b20_seed42",
  "interpretation": "Separabilidad exploratoria por grupos; no detector operacional.",
  "selection_used_only": "desarrollo",
  "selected_band_count": 20,
  "band_comparison": [
    {
      "band_count": 4,
      "balanced_accuracy_mean": 0.5555555555555556,
      "fold_dispersion_mean": 0.12509733205761572,
      "stage_balanced_accuracies": [
        0.9888888888888889,
        0.5333333333333333,
        0.2,
        0.5
      ]
    },
    {
      "band_count": 10,
      "balanced_accuracy_mean": 0.6,
      "fold_dispersion_mean": 0.11216804947981035,
      "stage_balanced_accuracies": [
        1.0,
        0.65,
        0.3,
        0.45000000000000007
      ]
    },
    {
      "band_count": 20,
      "balanced_accuracy_mean": 0.6041666666666666,
      "fold_dispersion_mean": 0.08387833004781167,
      "stage_balanced_accuracies": [
        1.0,
        0.7166666666666667,
        0.3,
        0.4
      ]
    }
  ],
  "oof_development": {
    "actividad": {
      "accuracy": 1.0,
      "balanced_accuracy": 1.0,
      "precision_macro": 1.0,
      "recall_macro": 1.0,
      "f1_macro": 1.0,
      "coverage": 1.0,
      "rejection_rate": 0.0,
      "n_groups": 55,
      "detection_rate": 1.0,
      "false_alarm_rate": 0.0,
      "drone_group_count": 45,
      "background_group_count": 10,
      "detected_drone_count": 45,
      "missed_drone_count": 0,
      "false_alarm_count": 0,
      "true_negative_count": 10,
      "threshold": 0.41277036936465794,
      "rejection_margin": 0.0,
      "fold_balanced_accuracy": [
        1.0,
        1.0,
        1.0,
        1.0,
        1.0
      ],
      "fold_dispersion": 0.0
    },
    "modelo": {
      "accuracy": 0.5111111111111111,
      "balanced_accuracy": 0.5833333333333334,
      "precision_macro": 0.5744047619047619,
      "recall_macro": 0.4375,
      "f1_macro": 0.4739057239057239,
      "coverage": 0.7777777777777778,
      "rejection_rate": 0.2222222222222222,
      "n_groups": 45,
      "rejection_margin": 0.005752260917427643,
      "fold_balanced_accuracy": [
        0.75,
        0.8333333333333334,
        0.5,
        0.75,
        0.75
      ],
      "fold_dispersion": 0.1130388330520878
    },
    "modo_bebop": {
      "accuracy": 0.25,
      "balanced_accuracy": 0.25,
      "precision_macro": 0.18,
      "recall_macro": 0.2,
      "f1_macro": 0.1638095238095238,
      "coverage": 0.7,
      "rejection_rate": 0.3,
      "n_groups": 20,
      "rejection_margin": 0.0041033249413018336,
      "fold_balanced_accuracy": [
        0.25,
        0.25,
        0.25,
        0.25,
        0.5
      ],
      "fold_dispersion": 0.1
    },
    "modo_ar": {
      "accuracy": 0.35,
      "balanced_accuracy": 0.35,
      "precision_macro": 0.31,
      "recall_macro": 0.27999999999999997,
      "f1_macro": 0.27868131868131873,
      "coverage": 0.75,
      "rejection_rate": 0.25,
      "n_groups": 20,
      "rejection_margin": 0.003660954238880687,
      "fold_balanced_accuracy": [
        0.25,
        0.5,
        0.5,
        0.25,
        0.5
      ],
      "fold_dispersion": 0.1224744871391589
    }
  },
  "dummy_oof": {
    "actividad": {
      "accuracy": 0.8181818181818182,
      "balanced_accuracy": 0.5,
      "precision_macro": 0.4090909090909091,
      "recall_macro": 0.5,
      "f1_macro": 0.45,
      "threshold": 0.5
    },
    "modelo": {
      "accuracy": 0.4444444444444444,
      "balanced_accuracy": 0.3333333333333333,
      "precision_macro": 0.14814814814814814,
      "recall_macro": 0.3333333333333333,
      "f1_macro": 0.20512820512820515,
      "threshold": null
    },
    "modo_bebop": {
      "accuracy": 0.25,
      "balanced_accuracy": 0.25,
      "precision_macro": 0.0625,
      "recall_macro": 0.25,
      "f1_macro": 0.1,
      "threshold": null
    },
    "modo_ar": {
      "accuracy": 0.25,
      "balanced_accuracy": 0.25,
      "precision_macro": 0.0625,
      "recall_macro": 0.25,
      "f1_macro": 0.1,
      "threshold": null
    }
  },
  "reserved_evaluation": {
    "actividad": {
      "accuracy": 1.0,
      "balanced_accuracy": 1.0,
      "precision_macro": 1.0,
      "recall_macro": 1.0,
      "f1_macro": 1.0,
      "coverage": 1.0,
      "rejection_rate": 0.0,
      "n_groups": 12,
      "detection_rate": 1.0,
      "false_alarm_rate": 0.0,
      "drone_group_count": 9,
      "background_group_count": 3,
      "detected_drone_count": 9,
      "missed_drone_count": 0,
      "false_alarm_count": 0,
      "true_negative_count": 3,
      "threshold": 0.41277036936465794,
      "rejection_margin": 0.0
    },
    "modelo": {
      "accuracy": 0.2222222222222222,
      "balanced_accuracy": 0.16666666666666666,
      "precision_macro": 0.125,
      "recall_macro": 0.125,
      "f1_macro": 0.125,
      "coverage": 0.5555555555555556,
      "rejection_rate": 0.4444444444444444,
      "n_groups": 9,
      "rejection_margin": 0.005752260917427643
    },
    "modo_bebop": {
      "accuracy": 0.0,
      "balanced_accuracy": 0.0,
      "precision_macro": 0.0,
      "recall_macro": 0.0,
      "f1_macro": 0.0,
      "coverage": 0.5,
      "rejection_rate": 0.5,
      "n_groups": 4,
      "rejection_margin": 0.0041033249413018336
    },
    "modo_ar": {
      "accuracy": 0.25,
      "balanced_accuracy": 0.25,
      "precision_macro": 0.2,
      "recall_macro": 0.2,
      "f1_macro": 0.2,
      "coverage": 0.5,
      "rejection_rate": 0.5,
      "n_groups": 4,
      "rejection_margin": 0.003660954238880687
    }
  },
  "thresholds": {
    "actividad": {
      "decision": 0.41277036936465794,
      "rejection_margin": 0.0
    },
    "modelo": {
      "decision": null,
      "rejection_margin": 0.005752260917427643
    },
    "modo_bebop": {
      "decision": null,
      "rejection_margin": 0.0041033249413018336
    },
    "modo_ar": {
      "decision": null,
      "rejection_margin": 0.003660954238880687
    }
  },
  "stage_reliability": {
    "actividad": {
      "enabled": true,
      "rule": "Superar al Dummy en desarrollo y evaluación; en evaluación exigir al menos 6 grupos, detección >= 0,90 y falsas alarmas <= 0,10.",
      "improved_folds": 5,
      "total_folds": 5,
      "dummy_balanced_accuracy": 0.5,
      "development_enabled": true,
      "reserved_evaluation_balanced_accuracy": 1.0,
      "reserved_evaluation_groups": 12,
      "reserved_evaluation_dummy": 0.5,
      "reserved_evaluation_passed": true
    },
    "modelo": {
      "enabled": false,
      "rule": "Superar al Dummy en desarrollo y evaluación, con al menos 8 grupos reservados para mostrar la etapa en la demo.",
      "improved_folds": 5,
      "total_folds": 5,
      "dummy_balanced_accuracy": 0.3333333333333333,
      "development_enabled": true,
      "reserved_evaluation_balanced_accuracy": 0.16666666666666666,
      "reserved_evaluation_groups": 9,
      "reserved_evaluation_dummy": 0.3333333333333333,
      "reserved_evaluation_passed": false
    },
    "modo_bebop": {
      "enabled": false,
      "rule": "Superar al Dummy en desarrollo y evaluación, con al menos 8 grupos reservados para mostrar la etapa en la demo.",
      "improved_folds": 1,
      "total_folds": 5,
      "dummy_balanced_accuracy": 0.25,
      "development_enabled": false,
      "reserved_evaluation_balanced_accuracy": 0.0,
      "reserved_evaluation_groups": 4,
      "reserved_evaluation_dummy": 0.25,
      "reserved_evaluation_passed": false
    },
    "modo_ar": {
      "enabled": false,
      "rule": "Superar al Dummy en desarrollo y evaluación, con al menos 8 grupos reservados para mostrar la etapa en la demo.",
      "improved_folds": 3,
      "total_folds": 5,
      "dummy_balanced_accuracy": 0.25,
      "development_enabled": false,
      "reserved_evaluation_balanced_accuracy": 0.25,
      "reserved_evaluation_groups": 4,
      "reserved_evaluation_dummy": 0.25,
      "reserved_evaluation_passed": false
    }
  },