bits,mse,max_error
3,0.005899996382631686,0.1428571428571428
4,0.0013790519650746687,0.06666666666666665
8,5.0377970784613594e-06,0.0039215686274509665
12,1.176893879024479e-08,0.00024420024420024333
