clase,inicio_zoom,rms_zoom,pico_zoom
Fondo,2048,0.02097854246262911,0.06956521739130435
Actividad de dron,16384,0.00025450168574965673,0.000856898029134533
