N_muestras,NFFT,duracion_us,separacion_grilla_kHz
1024,1024,25.599999999999998,39.0625
1024,8192,25.599999999999998,4.8828125
