muestra,ventana,ganancia_coherente,ENBW_bins,ENBW_kHz,pico_MHz
Sin dron,rectangular,1.0,1.0,39.0625,5.0
Sin dron,hann,0.5,1.5,58.59375,5.0
Sin dron,hamming,0.54,1.3628257887517146,53.23538237311385,5.0
Sin dron,blackman,0.42000000000000004,1.726757369614512,67.45145975056688,10.6640625
Phantom conectado,rectangular,1.0,1.0,39.0625,19.43359375
Phantom conectado,hann,0.5,1.5,58.59375,19.423828125
Phantom conectado,hamming,0.54,1.3628257887517146,53.23538237311385,19.423828125
Phantom conectado,blackman,0.42000000000000004,1.726757369614512,67.45145975056688,0.068359375
