clase,banda_1,banda_2,banda_3,banda_4
Fondo,0.24631819168663072,0.15880973374840676,0.29213000009826995,0.30274207446669255
Phantom,0.25558062388825037,0.14918237021967767,0.27941935592793454,0.3158176499641374
