part,rms,energia,potencia_media,pico,factor_cresta,frecuencia_dominante_fft_hz,frecuencia_dominante_hz,centroide_espectral_hz,ancho_banda_espectral_hz,piso_psd_db_rel,pico_psd_db_rel,contraste_pico_piso_db,frecuencia_pico_fft_hz,frecuencia_pico_welch_hz
H,0.0033223864156752825,0.011303179897367954,1.1038261618523393e-05,0.012047858908772469,3.353005466719305,11015625.0,10859375.0,10657371.918614902,6230280.502985865,-122.48786256453684,-119.2299023946579,3.2579601698789418,15908203.125,5000000.0
L,0.0004326041671447456,0.00019164123659720644,1.8714964511445942e-07,0.0016357125714421272,3.4491204648568794,9414062.5,11718750.0,10823806.29507951,6202921.627268625,-139.4659884730367,-136.64632376500572,2.8196647080309845,19423828.125,5000000.0
