band_count,balanced_accuracy_mean,fold_dispersion_mean
4,0.5555555555555556,0.12509733205761572
10,0.6,0.11216804947981035
20,0.6041666666666666,0.08387833004781167
