segment,source_l_sha256,source_h_sha256,prediction,drone_score,threshold,margin,domain_compatible,domain_distance,domain_threshold,expected
21,f2d5730e7ab2b7d448293593236dbfcf7dad660fe1be920106239484cb25857a,1a772613964ccaa1d6d7d583e04c223df9e9339027fbe3aa02d466470b7c5c87,fondo,0.26572103312526585,0.41277036936465794,0.1470493362393921,True,0.9824697230399376,45.447869013059304,fondo
22,c1fd778d5d3484e6a3d1ecadd2718917ecadd3871adbd56d5ff7f753c64f0ca8,7f566bde94edd0acb0946552366aef407f7c126f29ee500665c6b386da8d686b,fondo,0.3169760094500688,0.41277036936465794,0.09579435991458912,True,1.0030925113363653,45.447869013059304,fondo
23,8f5f6672a7dbe249c2c6f1934ed5b755aa165e73acd0b67e9e584e3e1db50e85,ea1ba8a422625efdcaba498d01ac395b2bfa206a8527e4d557963483c0b7c3b1,fondo,0.29509723517847025,0.41277036936465794,0.11767313418618769,True,1.064922128492304,45.447869013059304,fondo
24,56dd883ec2ff22087aacae877f8e5a7c3600d500bea0e835289ed172d674712b,15874247f8a3ed5b7f87182a0a292a1ad809dac8328aa7856a80d10b704c0b39,fondo,0.31501329487208507,0.41277036936465794,0.09775707449257287,True,0.8029114191731727,45.447869013059304,fondo
25,0ce5ca76c81b899dcacc16493903956dea6eca326eba7d2128cf7a83dce9c0de,3fb2dcac3a44e7902ed101d1b17636347c14b975690b767e47dbc08f285ec474,fondo,0.30516894895412094,0.41277036936465794,0.107601420410537,True,0.7623338393709516,45.447869013059304,fondo
